{
  "images" : [
    {
      "idiom" : "universal",
      "scale" : "1x"
    },
    {
      "resizing" : {
        "mode" : "3-part-horizontal",
        "center" : {
          "mode" : "fill",
          "width" : 103
        },
        "capInsets" : {
          "right" : 273,
          "left" : 204
        }
      },
      "idiom" : "universal",
      "filename" : "search_bg@2x.png",
      "scale" : "2x"
    },
    {
      "resizing" : {
        "mode" : "3-part-horizontal",
        "center" : {
          "mode" : "fill",
          "width" : 115
        },
        "capInsets" : {
          "right" : 409,
          "left" : 346
        }
      },
      "idiom" : "universal",
      "filename" : "search_bg@3x.png",
      "scale" : "3x"
    }
  ],
  "info" : {
    "version" : 1,
    "author" : "xcode"
  }
}