{
  "images" : [
    {
      "idiom" : "universal",
      "scale" : "1x"
    },
    {
      "resizing" : {
        "mode" : "9-part",
        "center" : {
          "mode" : "fill",
          "width" : 107,
          "height" : 106
        },
        "capInsets" : {
          "bottom" : 109,
          "top" : 111,
          "right" : 206,
          "left" : 247
        }
      },
      "idiom" : "universal",
      "filename" : "address_bg@2x.png",
      "scale" : "2x"
    },
    {
      "resizing" : {
        "mode" : "9-part",
        "center" : {
          "mode" : "fill",
          "width" : 144,
          "height" : 89
        },
        "capInsets" : {
          "bottom" : 219,
          "top" : 181,
          "right" : 327,
          "left" : 369
        }
      },
      "idiom" : "universal",
      "filename" : "address_bg@3x.png",
      "scale" : "3x"
    }
  ],
  "info" : {
    "version" : 1,
    "author" : "xcode"
  }
}