{
  "images" : [
    {
      "idiom" : "universal",
      "scale" : "1x"
    },
    {
      "resizing" : {
        "mode" : "9-part",
        "center" : {
          "mode" : "fill",
          "width" : 14,
          "height" : 8
        },
        "capInsets" : {
          "bottom" : 18,
          "top" : 15,
          "right" : 33,
          "left" : 33
        }
      },
      "idiom" : "universal",
      "filename" : "red_button_bg@2x.png",
      "scale" : "2x"
    },
    {
      "resizing" : {
        "mode" : "9-part",
        "center" : {
          "mode" : "fill",
          "width" : 29,
          "height" : 19
        },
        "capInsets" : {
          "bottom" : 23,
          "top" : 20,
          "right" : 53,
          "left" : 38
        }
      },
      "idiom" : "universal",
      "filename" : "red_button_bg@3x.png",
      "scale" : "3x"
    }
  ],
  "info" : {
    "version" : 1,
    "author" : "xcode"
  }
}